{"productsSaveData":[{"productName":"Spear","amount":28,"outputMultiplier":2.0,"outputResidual":0.0},{"productName":"Sword","amount":108,"outputMultiplier":0.9269999861717224,"outputResidual":0.33499854803085329},{"productName":"Meat","amount":1118,"outputMultiplier":1.312000036239624,"outputResidual":0.08000326156616211}]}
